[{
    "id": "7",
    "pair": "BTC_BCN"
}, {
    "id": "14",
    "pair": "BTC_BTS"
}, {
    "id": "15",
    "pair": "BTC_BURST"
}, {
    "id": "20",
    "pair": "BTC_CLAM"
}, {
    "id": "25",
    "pair": "BTC_DGB"
}, {
    "id": "27",
    "pair": "BTC_DOGE"
}, {
    "id": "24",
    "pair": "BTC_DASH"
}, {
    "id": "38",
    "pair": "BTC_GAME"
}, {
    "id": "43",
    "pair": "BTC_HUC"
}, {
    "id": "50",
    "pair": "BTC_LTC"
}, {
    "id": "51",
    "pair": "BTC_MAID"
}, {
    "id": "58",
    "pair": "BTC_OMNI"
}, {
    "id": "61",
    "pair": "BTC_NAV"
}, {
    "id": "64",
    "pair": "BTC_NMC"
}, {
    "id": "69",
    "pair": "BTC_NXT"
}, {
    "id": "75",
    "pair": "BTC_PPC"
}, {
    "id": "89",
    "pair": "BTC_STR"
}, {
    "id": "92",
    "pair": "BTC_SYS"
}, {
    "id": "97",
    "pair": "BTC_VIA"
}, {
    "id": "100",
    "pair": "BTC_VTC"
}, {
    "id": "108",
    "pair": "BTC_XCP"
}, {
    "id": "114",
    "pair": "BTC_XMR"
}, {
    "id": "116",
    "pair": "BTC_XPM"
}, {
    "id": "117",
    "pair": "BTC_XRP"
}, {
    "id": "112",
    "pair": "BTC_XEM"
}, {
    "id": "148",
    "pair": "BTC_ETH"
}, {
    "id": "150",
    "pair": "BTC_SC"
}, {
    "id": "155",
    "pair": "BTC_FCT"
}, {
    "id": "162",
    "pair": "BTC_DCR"
}, {
    "id": "163",
    "pair": "BTC_LSK"
}, {
    "id": "167",
    "pair": "BTC_LBC"
}, {
    "id": "168",
    "pair": "BTC_STEEM"
}, {
    "id": "170",
    "pair": "BTC_SBD"
}, {
    "id": "171",
    "pair": "BTC_ETC"
}, {
    "id": "174",
    "pair": "BTC_REP"
}, {
    "id": "177",
    "pair": "BTC_ARDR"
}, {
    "id": "178",
    "pair": "BTC_ZEC"
}, {
    "id": "182",
    "pair": "BTC_STRAT"
}, {
    "id": "184",
    "pair": "BTC_PASC"
}, {
    "id": "185",
    "pair": "BTC_GNT"
}, {
    "id": "189",
    "pair": "BTC_BCH"
}, {
    "id": "192",
    "pair": "BTC_ZRX"
}, {
    "id": "194",
    "pair": "BTC_CVC"
}, {
    "id": "196",
    "pair": "BTC_OMG"
}, {
    "id": "198",
    "pair": "BTC_GAS"
}, {
    "id": "200",
    "pair": "BTC_STORJ"
}, {
    "id": "201",
    "pair": "BTC_EOS"
}, {
    "id": "204",
    "pair": "BTC_SNT"
}, {
    "id": "207",
    "pair": "BTC_KNC"
}, {
    "id": "210",
    "pair": "BTC_BAT"
}, {
    "id": "213",
    "pair": "BTC_LOOM"
}, {
    "id": "221",
    "pair": "BTC_QTUM"
}, {
    "id": "232",
    "pair": "BTC_BNT"
}, {
    "id": "229",
    "pair": "BTC_MANA"
}, {
    "id": "246",
    "pair": "BTC_FOAM"
}, {
    "id": "236",
    "pair": "BTC_BCHABC"
}, {
    "id": "238",
    "pair": "BTC_BCHSV"
}, {
    "id": "248",
    "pair": "BTC_NMR"
}, {
    "id": "249",
    "pair": "BTC_POLY"
}, {
    "id": "250",
    "pair": "BTC_LPT"
}, {
    "id": "121",
    "pair": "USDT_BTC"
}, {
    "id": "216",
    "pair": "USDT_DOGE"
}, {
    "id": "122",
    "pair": "USDT_DASH"
}, {
    "id": "123",
    "pair": "USDT_LTC"
}, {
    "id": "124",
    "pair": "USDT_NXT"
}, {
    "id": "125",
    "pair": "USDT_STR"
}, {
    "id": "126",
    "pair": "USDT_XMR"
}, {
    "id": "127",
    "pair": "USDT_XRP"
}, {
    "id": "149",
    "pair": "USDT_ETH"
}, {
    "id": "219",
    "pair": "USDT_SC"
}, {
    "id": "218",
    "pair": "USDT_LSK"
}, {
    "id": "173",
    "pair": "USDT_ETC"
}, {
    "id": "175",
    "pair": "USDT_REP"
}, {
    "id": "180",
    "pair": "USDT_ZEC"
}, {
    "id": "217",
    "pair": "USDT_GNT"
}, {
    "id": "191",
    "pair": "USDT_BCH"
}, {
    "id": "220",
    "pair": "USDT_ZRX"
}, {
    "id": "203",
    "pair": "USDT_EOS"
}, {
    "id": "206",
    "pair": "USDT_SNT"
}, {
    "id": "209",
    "pair": "USDT_KNC"
}, {
    "id": "212",
    "pair": "USDT_BAT"
}, {
    "id": "215",
    "pair": "USDT_LOOM"
}, {
    "id": "223",
    "pair": "USDT_QTUM"
}, {
    "id": "223",
    "pair": "USDT_QTUM"
}, {
    "id": "234",
    "pair": "USDT_BNT"
}, {
    "id": "231",
    "pair": "USDT_MANA"
}, {
    "id": "129",
    "pair": "XMR_BCN"
}, {
    "id": "132",
    "pair": "XMR_DASH"
}, {
    "id": "137",
    "pair": "XMR_LTC"
}, {
    "id": "138",
    "pair": "XMR_MAID"
}, {
    "id": "140",
    "pair": "XMR_NXT"
}, {
    "id": "181",
    "pair": "XMR_ZEC"
}, {
    "id": "166",
    "pair": "ETH_LSK"
}, {
    "id": "169",
    "pair": "ETH_STEEM"
}, {
    "id": "172",
    "pair": "ETH_ETC"
}, {
    "id": "176",
    "pair": "ETH_REP"
}, {
    "id": "179",
    "pair": "ETH_ZEC"
}, {
    "id": "186",
    "pair": "ETH_GNT"
}, {
    "id": "190",
    "pair": "ETH_BCH"
}, {
    "id": "193",
    "pair": "ETH_ZRX"
}, {
    "id": "195",
    "pair": "ETH_CVC"
}, {
    "id": "197",
    "pair": "ETH_OMG"
}, {
    "id": "199",
    "pair": "ETH_GAS"
}, {
    "id": "202",
    "pair": "ETH_EOS"
}, {
    "id": "205",
    "pair": "ETH_SNT"
}, {
    "id": "208",
    "pair": "ETH_KNC"
}, {
    "id": "211",
    "pair": "ETH_BAT"
}, {
    "id": "214",
    "pair": "ETH_LOOM"
}, {
    "id": "222",
    "pair": "ETH_QTUM"
}, {
    "id": "233",
    "pair": "ETH_BNT"
}, {
    "id": "230",
    "pair": "ETH_MANA"
}, {
    "id": "224",
    "pair": "USDC_BTC"
}, {
    "id": "243",
    "pair": "USDC_DOGE"
}, {
    "id": "244",
    "pair": "USDC_LTC"
}, {
    "id": "242",
    "pair": "USDC_STR"
}, {
    "id": "226",
    "pair": "USDC_USDT"
}, {
    "id": "241",
    "pair": "USDC_XMR"
}, {
    "id": "240",
    "pair": "USDC_XRP"
}, {
    "id": "225",
    "pair": "USDC_ETH"
}, {
    "id": "245",
    "pair": "USDC_ZEC"
}, {
    "id": "235",
    "pair": "USDC_BCH"
}, {
    "id": "247",
    "pair": "USDC_FOAM"
}, {
    "id": "237",
    "pair": "USDC_BCHABC"
}, {
    "id": "239",
    "pair": "USDC_BCHSV"
}]