{
    "banks" : [
      {
        "name": "Allahabad Bank",
        "picture": "https://pbs.twimg.com/profile_images/991552653015502848/xDR-OAbM.jpg"
      },
      {
        "name": "Andhra Bank",
        "picture": "http://bsmedia.business-standard.com/_media/bs/img/article/2014-10/30/full/1414667992-335.jpg"
      },
      {
        "name": "Axis Bank",
        "picture": "https://billpay.axisbank.co.in/billzone/Images/logo.png"
      },
      {
        "name": "Bank of Bahrain and Kuwait",
        "picture": "https://content3.jdmagicbox.com/comp/mumbai/l0/022pxx22.xx22.000060028903.u7l0/catalogue/bank-of-bahrain-and-kuwait-nariman-point-mumbai-finance-companies-mnxvf-250.jpg"
      },
      {
        "name": "Bank of Baroda",
        "picture": "http://i0.wp.com/www.logotaglines.com/wp-content/uploads/2016/08/wp-1470058064032.jpg?w=792"
      },
      {
        "name": "Bank of India",
        "picture": "https://banksdirect.in/images/bank-of-india-logo.png"
      },
      {
        "name": "Bank of Maharashtra",
        "picture": "https://s3.amazonaws.com/images.safalta.com/uploadimage/library/4_3/4_3_1/oldimg_2018_01_24_083756.png"
      },
      {
        "name": "Canara Bank",
        "picture": "https://www.logotaglines.com/wp-content/uploads/2016/08/wp-1470410546498-370x297.jpg"
      },
      {
        "name": "Central Bank of India",
        "picture": "http://bsmedia.business-standard.com/_media/bs/img/article/2016-09/23/full/1474621583-5381.jpg"
      },
      {
        "name": "City Union Bank",
        "picture": "https://upload.wikimedia.org/wikipedia/en/thumb/2/21/City_Union_Bank.svg/1200px-City_Union_Bank.svg.png"
      },
      {
        "name": "Corporation Bank",
        "picture": "https://corpbank.com/sites/all/themes/corpbank_res/images/Corpbank_AboutUs_TheLogo.jpg"
      },
      {
        "name": "Deutsche Bank",
        "picture": "https://1000logos.net/wp-content/uploads/2017/09/Deutsche-Bank-Logo.png"
      },
      {
        "name": "Development Credit Bank",
        "picture": "https://files.prokerala.com/banking/images/bank-logo/development-credit-bank.png"
      },
      {
        "name": "Dhanlaxmi Bank",
        "picture": "https://lh3.googleusercontent.com/KiikErActK_AzBRWeHqgVffNXBSoFrmyxrHglaZusbeLXDIh9JPN8F6A3q1DAYh61VNh"
      },
      {
        "name": "Federal Bank",
        "picture": "https://www.logotaglines.com/wp-content/uploads/2016/08/federalBank-logo-370x297.jpg"
      },
      {
        "name": "ICICI Bank",
        "picture": "http://techbuzzes.com/wp-content/uploads/2014/01/ICICI-Bank-Logo.jpg"
      },
      {
        "name": "IDBI Bank",
        "picture": "https://www.logotaglines.com/wp-content/uploads/2016/08/IDBI-Bank-Logo.png"
      },
      {
        "name": "Indian Bank",
        "picture": "https://cdn.worldvectorlogo.com/logos/indian-bank.svg"
      },
      {
        "name": "Indian Overseas Bank",
        "picture": "https://is5-ssl.mzstatic.com/image/thumb/Purple117/v4/c1/23/a0/c123a0e1-10fe-f256-6c9c-72247570918b/mzl.bmxhgudy.png/246x0w.jpg"
      },
      {
        "name": "IndusInd Bank",
        "picture": "https://www.logotaglines.com/wp-content/uploads/2016/08/IndusInd-Bank-Logo-e1488963740165-370x297.jpg"
      },
      {
        "name": "ING Vysya Bank",
        "picture": "https://www.logotaglines.com/wp-content/uploads/2016/08/ING-Vysya-Bank-Logo-370x297.png"
      },
      {
        "name": "Jammu and Kashmir Bank",
        "picture": "https://is5-ssl.mzstatic.com/image/thumb/Purple128/v4/cd/37/11/cd3711e2-25ad-26ad-88fc-df4e7cd51764/source/512x512bb.jpg"
      },
      {
        "name": "Karnataka Bank Ltd",
        "picture": "https://content2.jdmagicbox.com/comp/bangalore/q8/080pxx80.xx80.131216142505.b2q8/catalogue/karnataka-bank-ltd-customer-care-kasturba-road-bangalore-customer-care-tx2xezoape.jpg"
      },
      {
        "name": "Karur Vysya Bank",
        "picture": "https://images.all-free-download.com/images/graphiclarge/kvb_bank_logo_6815672.jpg"
      },
      {
        "name": "Kotak Bank",
        "picture": "https://www.kotak.com/content/dam/Kotak/kotak-bank-logo.jpg"
      },
      {
        "name": "Laxmi Vilas Bank",
        "picture": "https://www.logotaglines.com/wp-content/uploads/2016/08/LAKSHMI-VILAS-Bank-logo.jpg"
      },
      {
        "name": "Oriental Bank of Commerce",
        "picture": "https://www.whoistheownerof.com/wp-content/uploads/2018/02/Owner-of-Oriental-Bank-of-Commerce-India-Wiki-Logo-profile.jpg"
      },
      {
        "name": "Punjab National Bank",
        "picture": "https://files.prokerala.com/banking/images/bank-logo/punjab-national-bank.png"
      },
      {
        "name": "Punjab & Sind Bank",
        "picture": "https://upload.wikimedia.org/wikipedia/commons/thumb/2/27/Punjab_%26_Sind_Bank.svg/1200px-Punjab_%26_Sind_Bank.svg.png"
      },
      {
        "name": "Shamrao Vitthal Co-operative Bank",
        "picture": "https://3.bp.blogspot.com/-h3DreAiWrsM/Woae2QH8VxI/AAAAAAABy4o/B1TVRejHX1AKltrUDlboXk3hhBVlAgzJgCLcBGAs/s1600/shamrao.jpg"
      },
      {
        "name": "South Indian Bank",
        "picture": "https://www.logotaglines.com/wp-content/uploads/2016/08/South_Indian_Bank_Logo.jpg"
      },
      {
        "name": "State Bank of Bikaner & Jaipur",
        "picture": "https://files.prokerala.com/banking/images/bank-logo/sbbj.png"
      },
      {
        "name": "State Bank of Hyderabad",
        "picture": "http://agritech.tnau.ac.in/banking/new_image/SBH.jpg"
      },
      {
        "name": "State Bank of India",
        "picture": "https://files.prokerala.com/banking/images/bank-logo/sbi.png"
      },
      {
        "name": "State Bank of Mysore",
        "picture": "https://files.prokerala.com/banking/images/bank-logo/sbm.png"
      },
      {
        "name": "State Bank of Patiala",
        "picture": "https://www.iallgovtjobs.com/wp-content/uploads/2016/05/state-bank-of-patiala-Recruitment.png"
      },
      {
        "name": "State Bank of Travancore",
        "picture": "https://files.prokerala.com/banking/images/bank-logo/sbt.png"
      },
      {
        "name": "Syndicate Bank",
        "picture": "http://apnitricity.com/wp-content/uploads/2015/08/syndicatebank.jpg"
      },
      {
        "name": "Tamilnad Mercantile Bank Ltd.",
        "picture": "https://image3.mouthshut.com/images/imagesp/925615855s.jpg"
      },
      {
        "name": "UCO Bank",
        "picture": "https://www.deccanherald.com/sites/dh/files/styles/article_detail/public/article_images/2018/05/01/file6zpjzlx5iqemt3yq5yy.jpg?itok=f53ZL7fW"
      },
      {
        "name": "Union Bank of India",
        "picture": "https://store-images.s-microsoft.com/image/apps.47543.13510798883325900.dc3207b4-a4e0-4eec-ae7f-e947641a215e.4ed3ee2c-59d5-4bfa-83f4-374c28715fe3"
      },
      {
        "name": "United Bank of India",
        "picture": "https://upload.wikimedia.org/wikipedia/en/thumb/8/85/United_Bank_of_India_SVG_Logo.svg/220px-United_Bank_of_India_SVG_Logo.svg.png"
      },
      {
        "name": "Vijaya Bank",
        "picture": "https://banksdirect.in/images/vijaya-bank-logo.jpg"
      },
      {
        "name": "Yes Bank Ltd",
        "picture": "https://content3.jdmagicbox.com/comp/gurgaon/r6/011pxx11.xx11.170224081054.c3r6/catalogue/yes-bank-ltd-head-office-dlf-cyber-city-gurgaon-banks-1xto7.jpg"
      }
    ]
}